<?xml version="1.0" encoding="UTF-8" standalone="yes"?>
<addon id="docker.linuxserver.portainer"
       name="Portainer (LinuxServer.io)"
       version="1.0.1"
       provider-name="LinuxServer.io">
  <requires>
    <import addon="os.libreelec.tv" version="7.0"/>
    <import addon="xbmc.python" version="2.1.0"/>
    <import addon="service.system.docker" version="0.0.0" />
  </requires>
  <extension point="xbmc.service" library="default.py">
    <provides></provides>
  </extension>
  <extension point="xbmc.addon.metadata">
    <summary>Portainer as an addon</summary>
    <description>
Portainer is a simple management solution for Docker. It consists of a web UI that allows you to easily manage your Docker containers, images, networks and volumes.

This addon uses the official Portainer docker images. Please visit https://portainer.io for app specific questions.
Please visit https://linuxserver.io for info regarding this wrapper addon.

Please use Portainer to manage only containers created through Portainer. Containers generated by other LinuxServer.io addons have automated mechanisms for starting and stopping and will not cooperate with Portainer.
    </description>
    <disclaimer>
Please do not use portainer to manage other LinuxServer.io addon generated containers. Their status are automated.
    </disclaimer>
    <news>
docker.linuxserver.portainer:
--------------------------

1.0.1
- Fix timezone bug

1.0.0
- Initial release
    </news>
    <platform>all</platform>
    <website>http://linuxserver.io/</website>
    <assets>
        <icon>icon.png</icon>
        <fanart>fanart.jpg</fanart>
    </assets>
  </extension>
</addon>
