<settings>
    <setting id="V_config"   value="/storage/.kodi/userdata/addon_data/docker.linuxserver.oscam/config" />
    <setting id="P_port"     value="8888" />
    <setting id="D_device"   value="/dev/ttyUSB0" />
    <setting id="D_device2e" value="false" />
    <setting id="D_device2"  value="/dev/ttyUSB1" />
    <setting id="D_device3e" value="false" />
    <setting id="D_device3"  value="/dev/ttyUSB2" />
    <setting id="D_device4e" value="false" />
    <setting id="D_device4"  value="/dev/ttyUSB3" />
</settings>
