<?xml version="1.0" encoding="UTF-8" standalone="yes"?>
<addon id="docker.linuxserver.oscam"
       name="Oscam (LinuxServer.io)"
       version="1.0.3"
       provider-name="LinuxServer.io">
  <requires>
    <import addon="os.libreelec.tv" version="7.0"/>
    <import addon="xbmc.python" version="2.1.0"/>
    <import addon="service.system.docker" version="0.0.0" />
  </requires>
  <extension point="xbmc.service" library="default.py">
    <provides></provides>
  </extension>
  <extension point="xbmc.addon.metadata">
    <summary>Oscam in a docker container</summary>
    <description>
Oscam is an Open Source Conditional Access Module software used for descrambling DVB transmissions using smart cards. It's both a server and a client.

This is a docker container brought to you by the LinuxServer.io team.
Please visit https://linuxserver.io for more information.
    </description>
    <disclaimer>
    </disclaimer>
    <news>
docker.linuxserver.oscam:
-------------------------

1.0.3
- Fix timezone bug

1.0.2
- Added aarch64 support

1.0.1
- Add ports for devices

1.0.0
- Initial release
    </news>
    <platform>all</platform>
    <website>http://linuxserver.io/</website>
    <assets>
        <icon>icon.png</icon>
        <fanart>fanart.jpg</fanart>
    </assets>
  </extension>
</addon>
