<?xml version="1.0" encoding="UTF-8" standalone="yes"?>
<addon id="docker.linuxserver.plex"
       name="Plex (LinuxServer.io)"
       version="1.0.2"
       provider-name="linuxserver.io">
  <requires>
    <import addon="os.libreelec.tv" version="7.0"/>
    <import addon="xbmc.python" version="2.1.0"/>
    <import addon="service.system.docker" version="0.0.0" />
  </requires>
  <extension point="xbmc.service" library="default.py">
    <provides></provides>
  </extension>
  <extension point="xbmc.addon.metadata">
    <summary>Plex Media Server as a Docker container</summary>
    <description>
Plex organizes video, music and photos from personal media libraries and streams them to smart televisions, streaming boxes and mobile devices.

This is a docker container brought to you by the LinuxServer team.
Please visit www.linuxserver.io for more information.
    </description>
    <disclaimer>
    </disclaimer>
    <news>
docker.linuxserver.plex:
------------------------

1.0.2
- Run as user nobody

1.0.1
- Unified addon for x86_64 and arm

1.0.0
- Initial addon
    </news>
    <platform>all</platform>
    <website>http://linuxserver.io/</website>
    <assets>
        <icon>icon.png</icon>
        <fanart>fanart.jpg</fanart>
    </assets>
  </extension>
</addon>
