<?xml version="1.0" encoding="UTF-8" standalone="yes"?>
<addon id="docker.linuxserver.jackett"
       name="Jackett (LinuxServer.io)"
       version="2.0.0"
       provider-name="LinuxServer.io">
  <requires>
    <import addon="xbmc.python" version="3.0.0"/>
    <import addon="service.system.docker" version="0.0.0" />
  </requires>
  <extension point="xbmc.service" library="default.py">
    <provides></provides>
  </extension>
  <extension point="xbmc.addon.metadata">
    <summary>Jackett in a docker container</summary>
    <description>
API Support for your favorite torrent trackers

This is a docker container brought to you by the LinuxServer.io team.
Please visit https://linuxserver.io for more information.
    </description>
    <news>
docker.linuxserver.jackett:
--------------------------------

2.0.0
- Initial release, copied from docker.linuxserver.transmission

    </news>
    <disclaimer>
    </disclaimer>
    <platform>all</platform>
    <website>http://linuxserver.io/</website>
    <assets>
        <icon>icon.png</icon>
        <fanart>fanart.jpg</fanart>
    </assets>
  </extension>
</addon>
