<?xml version="1.0" encoding="UTF-8" standalone="yes"?>
<addon
  id="repository.linuxserver.x86"
  name="Linuxserver x86 Add-ons"
  version="1.0.0"
  provider-name="linuxserver.io">
  <requires>
    <import addon="xbmc.addon"
            version="16.0.0"/>
  </requires>
  <extension point="xbmc.addon.repository"
             name="Unofficial Linuxserver x86 Add-on Repository">
    <info compressed="true">https://raw.githubusercontent.com/linuxserver/libreelec-addons-x86/master/addons.xml</info>
    <checksum>https://raw.githubusercontent.com/linuxserver/libreelec-addons-x86/master/addons.xml.md5</checksum>
    <datadir zip="true">https://raw.githubusercontent.com/linuxserver/libreelec-addons-x86/master/download</datadir>
  </extension>
  <extension point="xbmc.addon.metadata">
    <summary>Install add-ons from linuxserver x86 repository</summary>
    <description>
Download and install x86 docker container add-ons from the unofficial linuxserver addon repository.

Please visit www.linuxserver.io for more information.
    </description>
    <disclaimer> </disclaimer>
    <platform>all</platform>
  </extension>
</addon>
