<?xml version="1.0" encoding="UTF-8" standalone="yes"?>
<addon id="docker.linuxserver.nzbget"
       name="Nzbget (LinuxServer.io)"
       version="1.0.4"
       provider-name="LinuxServer.io">
  <requires>
    <import addon="os.libreelec.tv" version="7.0"/>
    <import addon="xbmc.python" version="2.1.0"/>
    <import addon="service.system.docker" version="0.0.0" />
  </requires>
  <extension point="xbmc.service" library="default.py">
    <provides></provides>
  </extension>
  <extension point="xbmc.addon.metadata">
    <summary>Nzbget in a docker container</summary>
    <description>
NZBGet is a usenet downloader, written in C++ and designed with performance in mind to achieve maximum download speed by using very little system resources.

This is a docker container brought to you by the LinuxServer.io team.
Please visit https://linuxserver.io for more information.

Default user:pass are nzbget:tegbzn6789 (Change ASAP)
    </description>
    <news>
docker.linuxserver.nzbget:
--------------------------

1.0.4
- Fix timezone bug

1.0.3
- Added aarch support

1.0.2
- Change user to nobody

1.0.1
- Unified addon for x86_64 and arm

1.0.0
- Initial release
    </news>
    <disclaimer>
    </disclaimer>
    <platform>all</platform>
    <website>http://linuxserver.io/</website>
    <assets>
        <icon>icon.png</icon>
        <fanart>fanart.jpg</fanart>
    </assets>
  </extension>
</addon>
