<?xml version="1.0" encoding="UTF-8" standalone="yes"?>
<addon id="docker.linuxserver.couchpotato"
       name="CouchPotato (LinuxServer.io)"
       version="2.0.0"
       provider-name="LinuxServer.io">
  <requires>
    <import addon="xbmc.python" version="3.0.0"/>
    <import addon="service.system.docker" version="0.0.0" />
  </requires>
  <extension point="xbmc.service" library="default.py">
    <provides></provides>
  </extension>
  <extension point="xbmc.addon.metadata">
    <summary>CouchPotato in a docker container</summary>
    <description>
CouchPotato is an automatic NZB and torrent downloader. You can keep a movies I want list and it will search for NZBs/torrents of these movies every X hours. Once a movie is found, it will send it to SABnzbd or download the torrent to a specified directory.

This is a docker container brought to you by the LinuxServer.io team.
Please visit https://linuxserver.io for more information.
    </description>
    <disclaimer>
    </disclaimer>
    <news>
docker.linuxserver.couchpotato:
-------------------------------

2.0.0
- Upgrade for Kodi v20:
  - Remove LE dependency
  - Upgrade `xbmc.python` dependency to 3.0.0
  - Always use the multi-arch docker image

1.0.4
- Fix timezone bug

1.0.3
- Added aarch64 support

1.0.2
- Run as user nobody

1.0.1
- Unified addon for x86_64 and arm

1.0.0
- Initial release
    </news>
    <platform>all</platform>
    <website>http://linuxserver.io/</website>
    <assets>
        <icon>icon.png</icon>
        <fanart>fanart.jpg</fanart>
    </assets>
  </extension>
</addon>
