<?xml version="1.0" encoding="UTF-8" standalone="yes"?>
<addon id="docker.linuxserver.nzbget"
       name="Nzbget (LinuxServer.io)"
       version="1.0.1"
       provider-name="linuxserver.io">
  <requires>
    <import addon="os.libreelec.tv" version="7.0"/>
    <import addon="xbmc.python" version="2.1.0"/>
    <import addon="service.system.docker" version="0.0.0" />
  </requires>
  <extension point="xbmc.service" library="default.py">
    <provides></provides>
  </extension>
  <extension point="xbmc.addon.metadata">
    <summary>Nzbget in a docker container</summary>
    <description>
NZBGet is a usenet downloader, written in C++ and designed with performance in mind to achieve maximum download speed by using very little system resources.

This is a docker container brought to you by the LinuxServer team.
Please visit www.linuxserver.io for more information.

Default user:pass are nzbget:tegbzn6789 (Change ASAP)
    </description>
    <disclaimer>
    </disclaimer>
    <platform>all</platform>
  </extension>
</addon>
